지점번호,지점명,일시,평균기온(℃),평균최고기온(℃),최고기온(℃),평균최저기온(℃),최저기온(℃)
108,서울,Jan-16,-3.2,1.1,9.5,-6.8,-18
108,서울,Feb-16,0.2,5.1,14.4,-4.1,-10
108,서울,Mar-16,7,12.6,21.4,2.4,-7.5
108,서울,Apr-16,14.1,20.3,29.6,9.1,5.1
108,서울,May-16,19.6,25.7,31.9,14.1,8.9
108,서울,Jun-16,23.6,28.7,32.2,19.5,17.1
108,서울,Jul-16,26.2,29.8,34.1,23.3,19.8
108,서울,Aug-16,28,32.6,36.6,24.5,16.1
108,서울,Sep-16,23.1,27.9,31.1,19.3,14.3
108,서울,Oct-16,16.1,21.3,29,11.6,0.7
108,서울,Nov-16,6.8,11.6,18.6,2.8,-6.2
108,서울,Dec-16,1.2,5.8,13.6,-2.7,-9.8
108,서울,Jan-17,-1.8,2.9,11.4,-5.8,-12.6
108,서울,Feb-17,-0.2,4.8,12.3,-4.7,-9.3
108,서울,Mar-17,6.3,12.3,18.9,1.7,-5.3
108,서울,Apr-17,13.9,20,27.8,9.1,3.1
108,서울,May-17,19.5,25.4,30.3,14.4,10
108,서울,Jun-17,23.3,28.8,34.1,18.7,14.5
108,서울,Jul-17,26.9,30.4,35.4,24.3,21.9
108,서울,Aug-17,25.9,29.7,35.3,22.9,16.1
108,서울,Sep-17,22.1,27.4,31.4,17.5,11.2
108,서울,Oct-17,16.4,22.5,29.4,11.6,2.5
108,서울,Nov-17,5.6,10.5,18.4,1.3,-6.6
108,서울,Dec-17,-1.9,2.2,8.7,-5.7,-12.3
108,서울,Jan-18,-4,0.1,8.7,-7.3,-17.8
108,서울,Feb-18,-1.6,3.3,10.4,-5.9,-13.4
108,서울,Mar-18,8.1,13.6,22.1,3.8,-6.7
108,서울,Apr-18,13,18.5,26.3,8.1,0.1
108,서울,May-18,18.2,23.3,29.6,13.4,6.9
108,서울,Jun-18,23.1,28.4,32.9,18.9,16.3
108,서울,Jul-18,27.8,32.1,38.3,24.2,17.7
108,서울,Aug-18,28.8,33.3,39.6,25.2,20.2
108,서울,Sep-18,21.5,26,30.9,17.6,10.8
108,서울,Oct-18,13.1,18.6,25.6,8.5,0.7
108,서울,Nov-18,7.8,13.2,19.4,3.6,-3.1
108,서울,Dec-18,-0.6,4.1,13.5,-4.7,-14.4
108,서울,Jan-19,-0.9,4.1,8.5,-5.1,-10.1
108,서울,Feb-19,1,6,14.5,-3.2,-10.2
108,서울,Mar-19,7.1,12.4,17.6,2.7,-1.7
108,서울,Apr-19,12.1,17.6,28.2,7.2,0.3
108,서울,May-19,19.4,25.6,33.4,13.7,8.4
108,서울,Jun-19,22.5,27.7,32.8,18.1,14.1
108,서울,Jul-19,25.9,30.1,36.1,22.7,19.3
108,서울,Aug-19,27.2,31.6,36.8,23.6,18.5
108,서울,Sep-19,22.6,27.1,30.5,19,13.6
108,서울,Oct-19,16.4,21.8,28.2,11.8,4.7
108,서울,Nov-19,7.6,12.9,22.1,3.1,-4.6
108,서울,Dec-19,1.4,5.3,12.9,-2.6,-10.9
108,서울,Jan-20,1.6,5.9,11.9,-1.7,-6.5
108,서울,Feb-20,2.5,7.2,15.6,-1.3,-11.8
108,서울,Mar-20,7.7,13.3,20.6,2.6,-2.8
108,서울,Apr-20,11.1,16.6,23.8,6.3,1.9
108,서울,May-20,18,23.3,30,13.7,9.2
108,서울,Jun-20,23.9,29,35.4,19.9,14.8
108,서울,Jul-20,24.1,28,32.9,21.1,17.2
108,서울,Aug-20,26.5,29.3,34.5,24.4,21.5
108,서울,Sep-20,21.4,25.6,29.5,18,13.6
108,서울,Oct-20,14.3,19.5,23.6,9.6,3.2
108,서울,Nov-20,8,12.6,20,4,-3.6
108,서울,Dec-20,-0.3,3.9,11.4,-4.2,-12.9
108,서울,Jan-21,-2.4,2.2,13.9,-6.8,-18.6
108,서울,Feb-21,2.7,7.9,17.4,-2.2,-10.6
108,서울,Mar-21,9,14.8,22.9,4.3,-1.2
108,서울,Apr-21,14.2,19.5,28.2,9.5,3.1
108,서울,May-21,17.1,21.9,30.8,12.8,7.3
108,서울,Jun-21,22.8,27.6,31.6,18.9,13.3
108,서울,Jul-21,28.1,32.2,36.5,24.6,19.6
108,서울,Aug-21,25.9,29.7,33.7,22.8,18.1
108,서울,Sep-21,22.6,26.9,30.3,18.8,16
108,서울,Oct-21,15.6,20.5,28.8,11.6,1.3
108,서울,Nov-21,8.2,13.1,21.3,4,-3.7
108,서울,Dec-21,0.6,5.1,13.3,-3.5,-15.5
108,서울,Jan-22,-2.2,2.6,8.4,-6.2,-11.3
108,서울,Feb-22,-1.1,3.8,11.5,-5.3,-10.7
108,서울,Mar-22,7.7,12.7,19.5,3.2,-3
108,서울,Apr-22,14.8,20.6,28.7,10,3.5
108,서울,May-22,19.1,25,30.7,13.9,7.9
108,서울,Jun-22,23.3,27.5,32.7,19.8,14.9
108,서울,Jul-22,27.3,31,36.1,24.2,20.8
108,서울,Aug-22,25.7,28.9,32.9,23.1,16.1
108,서울,Sep-22,22.4,27.2,32.5,18.2,12.3
108,서울,Oct-22,14.6,19.7,27.6,10.3,4.4
108,서울,Nov-22,10,15.4,22.1,5.6,-8.1
108,서울,Dec-22,-2.8,1.7,10.2,-6.6,-13.7
108,서울,Jan-23,-1.5,3.2,12.5,-5.7,-17.3
108,서울,Feb-23,2.3,7.3,12.4,-1.9,-5.3
108,서울,Mar-23,9.8,16.2,25.1,4.2,-1.9
108,서울,Apr-23,13.8,19,28.4,8.8,3.1
108,서울,May-23,19.5,25,31.2,14.6,7.9
108,서울,Jun-23,23.4,27.9,34,19.7,16.6
108,서울,Jul-23,26.7,30.2,34.9,23.9,21.6
108,서울,Aug-23,27.2,30.8,35.8,24.3,20.8
108,서울,Sep-23,23.7,27.6,32.8,20.2,15.2
108,서울,Oct-23,15.8,21,24.6,11.5,5.4
108,서울,Nov-23,6.8,11.5,25.9,2.9,-7.3
108,서울,Dec-23,1.1,5.2,16.8,-2.5,-14.7
108,서울,Jan-24,-0.5,3.6,10.6,-3.9,-14
108,서울,Feb-24,3.8,8.2,18.3,0.2,-3.1
108,서울,Mar-24,7,12,23.4,2.4,-8.1
108,서울,Apr-24,16.3,22.4,29.4,11.5,5.5
108,서울,May-24,18.5,23.7,28.5,13.8,6.9
108,서울,Jun-24,24.6,30.1,35.8,19.9,15.7
108,서울,Jul-24,26.6,29.6,33.3,24.1,21.3
108,서울,Aug-24,29.3,33.3,36.4,26.3,22.6
108,서울,Sep-24,25.5,29.8,34.6,22,15.6
108,서울,Oct-24,16.7,21.4,25.7,12.7,7.1
108,서울,Nov-24,9.7,14.9,25.1,5.5,-3.4
108,서울,Dec-24,0.8,5.3,13,-2.9,-7.7
108,서울,Jan-25,-0.4,3.9,11.4,-4.1,-12.2
108,서울,Feb-25,-1.2,3.9,14.2,-5.3,-11.8
108,서울,Mar-25,8,13.6,24,3.3,-1.9
108,서울,Apr-25,13.4,19,27.1,8.2,1.1
108,서울,May-25,17.8,22.7,30.8,13.3,8.2
108,서울,Jun-25,24,28.5,34.2,20,15.2
108,서울,Jul-25,28.8,32.6,38,25.7,21.5
108,서울,Aug-25,28.2,31.9,36.2,25.3,21
108,서울,Sep-25,23.5,27.4,33,20.3,16.6
108,서울,Oct-25,16.5,20.4,28,13.1,3
108,서울,Nov-25,9,14.2,19.9,4.6,-2
108,서울,Dec-25,1.2,5.3,13.4,-2.8,-11.8
108,서울,Jan-26,-3.6,1,10.2,-7.8,-13.2
108,서울,Feb-26,2.7,7.9,18.4,-2,-12.4
108,서울,Mar-26,8.2,13.9,21.2,3.5,-3.4
108,서울,Apr-26,15,21.3,29.4,9.4,3.3
108,서울,May-26,19.6,25.3,31.5,14.6,8.1
108,서울,Jun-26,24,29.4,34,19.5,15.6
108,서울,Jul-26,26.9,30.1,35,24.4,19.8
108,서울,Aug-26,28.1,32,38,25,21.3
108,서울,Sep-26,22.6,27.7,31.3,18.1,13.4
108,서울,Oct-26,,,22.1,,14